宠物ID,宠物名称,宠物图片,升星消耗,页签,界面动作库,下一级ID,宠物技能说明,攻击距离,升级消耗,伤害系数(百分比),攻击动作,星级,属性集合,技能集合,获取途径,怪物形象,怪物尺寸,攻击特效名称,攻击特效持续时间,界面动作宽度,界面动作高度,获取途径参数,未解锁显示文本提示,界面显示的怪物尺寸,品质,移动速度
uint32,string,string,int32,uint8,string[],uint32,string,uint8,uint32,uint8,int32,uint8,string,string[],uint8,string,float,string,float,uint32,uint32,uint32,string,float,uint8,float
id,name,icon,upgradeCost,sence,detailAnime,nextLevel,skillDetails,atkRange,feedCost,atkCoefficient,atkAnime,star,property,skill,achieve,modelID,modelSize,effectName,effectTime,animeWidth,animeHeight,achieveNum,unlockDetail,modelUISize,quality,MoveSpeed
318010,name318011,lock310100,0,1,,318011,Skilldetail59106001,0,0,0,18,0,"1002,0.05;1002,0.1;1002,0.2;1002,0.5;1002,0.5","591060,0",1,black,1,0,0,300,400,3,petSheetGetDetail01,3,1,6.5
318011,name318011,icon_318011,10,1,"UI_Anime02,UI_Anime03",318012,Skilldetail59106001,1,100,10,18,1,"1002,0.05;1002,0.1;1002,0.2;1002,0.5;1002,0.5","591060,0",1,310101,0.6,skillxueqiu,2,300,400,3,0,0.7,1,6.5
318012,name318011,icon_318011,50,1,"UI_Anime02,UI_Anime03",318013,Skilldetail59106001,1,1000,30,18,2,"1002,0.05;1002,0.1;1002,0.2;1002,0.5;1002,0.5","591060,0",1,310101,0.8,skillxueqiu,2,300,400,3,0,0.9,1,6.5
318013,name318011,icon_318011,100,1,"UI_Anime02,UI_Anime03",318014,Skilldetail59106001,1,1000,30,18,3,"1002,0.05;1002,0.1;1002,0.2;1002,0.5;1002,0.5","591060,0",1,310101,0.8,skillxueqiu,2,300,400,3,0,0.9,1,6.5
318014,name318011,icon_318011,500,1,"UI_Anime02,UI_Anime03",318015,Skilldetail59106001,1,1000,30,18,4,"1002,0.05;1002,0.1;1002,0.2;1002,0.5;1002,0.5","591060,0",1,310101,0.8,skillxueqiu,2,300,400,3,0,0.9,1,6.5
318015,name318011,icon_318011,1000,1,"UI_Anime02,UI_Anime03",0,Skilldetail59106001,1,1000,30,18,5,"1002,0.05;1002,0.1;1002,0.2;1002,0.5;1002,0.5","591060,0",1,310101,0.8,skillxueqiu,2,300,400,3,0,0.9,1,6.5
318020,name318021,lock310100,0,1,,318021,Skilldetail59106001,0,0,0,18,0,"1002,0.05;1002,0.1;1002,0.2;1002,0.5;1002,0.5","591060,0",1,black,1,0,0,300,400,3,petSheetGetDetail01,3,1,6.5
318021,name318021,icon_318021,10,1,"UI_Anime02,UI_Anime03",318022,Skilldetail59106001,1,100,10,18,1,"1002,0.05;1002,0.1;1002,0.2;1002,0.5;1002,0.5","591060,0",1,310101,0.6,skillxueqiu,2,300,400,3,0,0.7,1,6.5
318022,name318021,icon_318021,50,1,"UI_Anime02,UI_Anime03",318023,Skilldetail59106001,1,1000,30,18,2,"1002,0.05;1002,0.1;1002,0.2;1002,0.5;1002,0.5","591060,0",1,310101,0.8,skillxueqiu,2,300,400,3,0,0.9,1,6.5
318023,name318021,icon_318021,100,1,"UI_Anime02,UI_Anime03",318024,Skilldetail59106001,1,1000,30,18,3,"1002,0.05;1002,0.1;1002,0.2;1002,0.5;1002,0.5","591060,0",1,310101,0.8,skillxueqiu,2,300,400,3,0,0.9,1,6.5
318024,name318021,icon_318021,500,1,"UI_Anime02,UI_Anime03",318025,Skilldetail59106001,1,1000,30,18,4,"1002,0.05;1002,0.1;1002,0.2;1002,0.5;1002,0.5","591060,0",1,310101,0.8,skillxueqiu,2,300,400,3,0,0.9,1,6.5
318025,name318021,icon_318021,1000,1,"UI_Anime02,UI_Anime03",0,Skilldetail59106001,1,1000,30,18,5,"1002,0.05;1002,0.1;1002,0.2;1002,0.5;1002,0.5","591060,0",1,310101,0.8,skillxueqiu,2,300,400,3,0,0.9,1,6.5
319010,name319011,lock310100,0,1,,319011,"Skilldetail59106001,Skilldetail59106002",0,0,0,18,0,"1002,0.05;1002,0.1;1002,0.2;1002,0.5;1002,0.5","591060,0",1,black,1,0,0,300,400,3,petSheetGetDetail01,3,2,6.5
319011,name319011,icon_319011,5,1,"UI_Anime02,UI_Anime03",319012,"Skilldetail59106001,Skilldetail59106002",1,100,10,18,1,"1002,0.05;1002,0.1;1002,0.2;1002,0.5;1002,0.5","591060,0",1,310101,0.6,skillxueqiu,2,300,400,3,0,0.7,2,6.5
319012,name319011,icon_319011,10,1,"UI_Anime02,UI_Anime03",319013,"Skilldetail59106001,Skilldetail59106002",1,1000,30,18,2,"1002,0.05;1002,0.1;1002,0.2;1002,0.5;1002,0.5","591060,0",1,310101,0.8,skillxueqiu,2,300,400,3,0,0.9,2,6.5
319013,name319012,icon_319012,50,1,"UI_Anime02,UI_Anime03",319014,"Skilldetail59106001,Skilldetail59106002",1,1000,30,18,3,"1002,0.05;1002,0.1;1002,0.2;1002,0.5;1002,0.5","591060,0",1,310101,0.8,skillxueqiu,2,300,400,3,0,0.9,2,6.5
319014,name319012,icon_319012,100,1,"UI_Anime02,UI_Anime03",319015,"Skilldetail59106001,Skilldetail59106002",1,1000,30,18,4,"1002,0.05;1002,0.1;1002,0.2;1002,0.5;1002,0.5","591060,0",1,310101,0.8,skillxueqiu,2,300,400,3,0,0.9,2,6.5
319015,name319012,icon_319012,500,1,"UI_Anime02,UI_Anime03",0,"Skilldetail59106001,Skilldetail59106002",1,1000,30,18,5,"1002,0.05;1002,0.1;1002,0.2;1002,0.5;1002,0.5","591060,0",1,310101,0.8,skillxueqiu,2,300,400,3,0,0.9,2,6.5
319020,name319021,icon_319020,0,1,,319021,"Skilldetail59106001,Skilldetail59106002",0,0,0,18,0,"1002,0.05;1002,0.1;1002,0.2;1002,0.5;1002,0.5","591060,0",1,black,1,0,0,300,400,3,petSheetGetDetail01,3,2,6.5
319021,name319021,icon_319021,5,1,"UI_Anime02,UI_Anime03",319022,"Skilldetail59106001,Skilldetail59106002",1,100,10,18,1,"1002,0.05;1002,0.1;1002,0.2;1002,0.5;1002,0.5","591060,0",1,310101,0.6,skillxueqiu,2,300,400,3,0,0.7,2,6.5
319022,name319021,icon_319021,10,1,"UI_Anime02,UI_Anime03",319023,"Skilldetail59106001,Skilldetail59106002",1,1000,30,18,2,"1002,0.05;1002,0.1;1002,0.2;1002,0.5;1002,0.5","591060,0",1,310101,0.8,skillxueqiu,2,300,400,3,0,0.9,2,6.5
319023,name319022,icon_319022,50,1,"UI_Anime02,UI_Anime03",319024,"Skilldetail59106001,Skilldetail59106002",1,1000,30,18,3,"1002,0.05;1002,0.1;1002,0.2;1002,0.5;1002,0.5","591060,0",1,310101,0.8,skillxueqiu,2,300,400,3,0,0.9,2,6.5
319024,name319022,icon_319022,100,1,"UI_Anime02,UI_Anime03",319025,"Skilldetail59106001,Skilldetail59106002",1,1000,30,18,4,"1002,0.05;1002,0.1;1002,0.2;1002,0.5;1002,0.5","591060,0",1,310101,0.8,skillxueqiu,2,300,400,3,0,0.9,2,6.5
319025,name319022,icon_319022,500,1,"UI_Anime02,UI_Anime03",0,"Skilldetail59106001,Skilldetail59106002",1,1000,30,18,5,"1002,0.05;1002,0.1;1002,0.2;1002,0.5;1002,0.5","591060,0",1,310101,0.8,skillxueqiu,2,300,400,3,0,0.9,2,6.5
319030,name319031,icon_319030,0,1,,319031,"Skilldetail59106001,Skilldetail59106002",0,0,0,18,0,"1002,0.05;1002,0.1;1002,0.2;1002,0.5;1002,0.5","591060,0",1,black,1,0,0,300,400,3,petSheetGetDetail01,3,2,6.5
319031,name319031,icon_319031,5,1,"UI_Anime02,UI_Anime03",319032,"Skilldetail59106001,Skilldetail59106002",1,100,10,18,1,"1002,0.05;1002,0.1;1002,0.2;1002,0.5;1002,0.5","591060,0",1,310101,0.6,skillxueqiu,2,300,400,3,0,0.7,2,6.5
319032,name319031,icon_319031,10,1,"UI_Anime02,UI_Anime03",319033,"Skilldetail59106001,Skilldetail59106002",1,1000,30,18,2,"1002,0.05;1002,0.1;1002,0.2;1002,0.5;1002,0.5","591060,0",1,310101,0.8,skillxueqiu,2,300,400,3,0,0.9,2,6.5
319033,name319032,icon_319032,50,1,"UI_Anime02,UI_Anime03",319034,"Skilldetail59106001,Skilldetail59106002",1,1000,30,18,3,"1002,0.05;1002,0.1;1002,0.2;1002,0.5;1002,0.5","591060,0",1,310101,0.8,skillxueqiu,2,300,400,3,0,0.9,2,6.5
319034,name319032,icon_319032,100,1,"UI_Anime02,UI_Anime03",319035,"Skilldetail59106001,Skilldetail59106002",1,1000,30,18,4,"1002,0.05;1002,0.1;1002,0.2;1002,0.5;1002,0.5","591060,0",1,310101,0.8,skillxueqiu,2,300,400,3,0,0.9,2,6.5
319035,name319032,icon_319032,500,1,"UI_Anime02,UI_Anime03",0,"Skilldetail59106001,Skilldetail59106002",1,1000,30,18,5,"1002,0.05;1002,0.1;1002,0.2;1002,0.5;1002,0.5","591060,0",1,310101,0.8,skillxueqiu,2,300,400,3,0,0.9,2,6.5
319040,name319041,icon_319040,0,1,,319041,"Skilldetail59111001,Skilldetail59111002",0,0,0,18,0,"1002,0.05;1002,0.1;1002,0.2;1002,0.5;1002,0.5","591110,0",1,black,1,0,0,300,400,3,petSheetGetDetail01,3,2,6.5
319041,name319041,icon_319041,5,1,"UI_Anime02,UI_Anime03",319042,"Skilldetail59111001,Skilldetail59111002",1,100,10,18,1,"1002,0.05;1002,0.1;1002,0.2;1002,0.5;1002,0.5","591110,0",1,310101,0.6,skillxueqiu,2,300,400,3,0,0.7,2,6.5
319042,name319041,icon_319041,10,1,"UI_Anime02,UI_Anime03",319043,"Skilldetail59111001,Skilldetail59111002",1,1000,30,18,2,"1002,0.05;1002,0.1;1002,0.2;1002,0.5;1002,0.5","591110,0",1,310101,0.8,skillxueqiu,2,300,400,3,0,0.9,2,6.5
319043,name319042,icon_319042,50,1,"UI_Anime02,UI_Anime03",319044,"Skilldetail59111001,Skilldetail59111002",1,1000,30,18,3,"1002,0.05;1002,0.1;1002,0.2;1002,0.5;1002,0.5","591110,0",1,310101,0.8,skillxueqiu,2,300,400,3,0,0.9,2,6.5
319044,name319042,icon_319042,100,1,"UI_Anime02,UI_Anime03",319045,"Skilldetail59111001,Skilldetail59111002",1,1000,30,18,4,"1002,0.05;1002,0.1;1002,0.2;1002,0.5;1002,0.5","591110,0",1,310101,0.8,skillxueqiu,2,300,400,3,0,0.9,2,6.5
319045,name319042,icon_319042,500,1,"UI_Anime02,UI_Anime03",0,"Skilldetail59111001,Skilldetail59111002",1,1000,30,18,5,"1002,0.05;1002,0.1;1002,0.2;1002,0.5;1002,0.5","591110,0",1,310101,0.8,skillxueqiu,2,300,400,3,0,0.9,2,6.5
310100,name310101,icon_310100,0,1,,310101,"Skilldetail59106001,Skilldetail59106002,Skilldetail59106003",0,0,0,18,0,"1002,0.05;1002,0.1;1002,0.2;1002,0.5;1002,0.5","591060,0",1,black,1,0,0,300,400,3,petSheetGetDetail01,3,3,6.5
310101,name310101,icon_310101,2,1,"UI_Anime02,UI_Anime03",310102,"Skilldetail59106001,Skilldetail59106002,Skilldetail59106003",1,100,10,18,1,"1002,0.05;1002,0.1;1002,0.2;1002,0.5;1002,0.5","591060,0",1,310101,0.6,skillxueqiu,2,300,400,3,0,0.7,3,6.5
310102,name310101,icon_310101,10,1,"UI_Anime02,UI_Anime03",310103,"Skilldetail59106001,Skilldetail59106002,Skilldetail59106003",1,1000,30,18,2,"1002,0.05;1002,0.1;1002,0.2;1002,0.5;1002,0.5","591060,0",1,310101,0.8,skillxueqiu,2,300,400,3,0,0.9,3,6.5
310103,name310102,icon_310102,50,1,"UI_Anime02,UI_Anime03",310104,"Skilldetail59106001,Skilldetail59106002,Skilldetail59106003",1,10000,50,18,3,"1002,0.05;1002,0.1;1002,0.2;1002,0.5;1002,0.5","591060,0",1,310102,1,skillxueqiu,2,300,400,3,0,1,3,6.5
310104,name310102,icon_310102,100,1,"UI_Anime02,UI_Anime03",310105,"Skilldetail59106001,Skilldetail59106002,Skilldetail59106003",1,10000,50,18,4,"1002,0.05;1002,0.1;1002,0.2;1002,0.5;1002,0.5","591060,0",1,310102,1,skillxueqiu,2,300,400,3,0,1,3,6.5
310105,name310103,icon_310103,500,1,"UI_Anime02,UI_Anime03",0,"Skilldetail59106001,Skilldetail59106002,Skilldetail59106003",1,10000,50,18,5,"1002,0.05;1002,0.1;1002,0.2;1002,0.5;1002,0.5","591060,0",1,310103,1,skillxueqiu,2,300,400,3,0,1,3,6.5
310200,name310201,icon_310200,0,1,,310201,"Skilldetail59107001,Skilldetail59107002,Skilldetail59107003",0,0,0,20,0,"1002,0.05;1002,0.1;1002,0.2;1002,0.5;1002,0.5",591070,1,black,1,0,0,300,400,10,petSheetGetDetail05,3,3,6.5
310201,name310201,icon_310201,5,1,"UI_Anime04,UI_Anime03",310202,"Skilldetail59107001,Skilldetail59107002,Skilldetail59107003",3,200,10,20,1,"1002,0.05;1002,0.1;1002,0.2;1002,0.5;1002,0.5",591070,1,310201,0.6,skillxueqiu,2,300,400,10,0,0.7,3,6.5
310202,name310201,icon_310201,10,1,"UI_Anime04,UI_Anime03",310203,"Skilldetail59107001,Skilldetail59107002,Skilldetail59107003",3,200,10,20,2,"1002,0.05;1002,0.1;1002,0.2;1002,0.5;1002,0.5",591070,1,310201,0.6,skillxueqiu,2,300,400,10,0,0.7,3,6.5
310203,name310202,icon_310202,50,1,"UI_Anime04,UI_Anime03",310204,"Skilldetail59107001,Skilldetail59107002,Skilldetail59107003",3,2000,30,20,3,"1002,0.05;1002,0.1;1002,0.2;1002,0.5;1002,0.5",591070,1,310202,0.8,skillxueqiu,2,300,400,10,0,0.9,3,6.5
310204,name310202,icon_310202,100,1,"UI_Anime04,UI_Anime03",310205,"Skilldetail59107001,Skilldetail59107002,Skilldetail59107003",3,20000,50,20,4,"1002,0.05;1002,0.1;1002,0.2;1002,0.5;1002,0.5",591070,1,310202,1,skillxueqiu,2,300,400,10,0,1,3,6.5
310205,name310203,icon_310203,500,1,"UI_Anime04,UI_Anime03",0,"Skilldetail59107001,Skilldetail59107002,Skilldetail59107003",3,20000,50,20,5,"1002,0.05;1002,0.1;1002,0.2;1002,0.5;1002,0.5",591070,1,310203,1,skillxueqiu,2,300,400,10,0,1,3,6.5
310300,name310301,icon_310300,0,1,,310301,"Skilldetail59108001,Skilldetail59108002,Skilldetail59108003",0,0,0,19,0,"1002,0.05;1002,0.1;1002,0.2;1002,0.5;1002,0.5","591080,0",1,black,1,0,0,300,400,1,petSheetGetDetail06,3,3,6.5
310301,name310301,icon_310301,2,1,"UI_Anime05,UI_Anime06,UI_Anime02",310302,"Skilldetail59108001,Skilldetail59108002,Skilldetail59108003",1,300,10,19,1,"1002,0.05;1002,0.1;1002,0.2;1002,0.5;1002,0.5","591080,0",1,310301,0.6,skillxueqiu,2,300,400,1,0,0.7,3,6.5
310302,name310301,icon_310301,10,1,"UI_Anime05,UI_Anime06,UI_Anime02",310303,"Skilldetail59108001,Skilldetail59108002,Skilldetail59108003",1,3000,30,19,2,"1002,0.05;1002,0.1;1002,0.2;1002,0.5;1002,0.5","591080,0",1,310301,0.8,skillxueqiu,2,300,400,1,0,0.9,3,6.5
310303,name310302,icon_310302,50,1,"UI_Anime05,UI_Anime06,UI_Anime02",310304,"Skilldetail59108001,Skilldetail59108002,Skilldetail59108003",1,30000,50,19,3,"1002,0.05;1002,0.1;1002,0.2;1002,0.5;1002,0.5","591080,0",1,310302,1,skillxueqiu,2,300,400,1,0,1,3,6.5
310304,name310302,icon_310302,100,1,"UI_Anime05,UI_Anime06,UI_Anime02",310305,"Skilldetail59108001,Skilldetail59108002,Skilldetail59108003",1,30000,50,19,4,"1002,0.05;1002,0.1;1002,0.2;1002,0.5;1002,0.5","591080,0",1,310302,1,skillxueqiu,2,300,400,1,0,1,3,6.5
310305,name310303,icon_310303,500,1,"UI_Anime05,UI_Anime06,UI_Anime02",0,"Skilldetail59108001,Skilldetail59108002,Skilldetail59108003",1,30000,50,19,5,"1002,0.05;1002,0.1;1002,0.2;1002,0.5;1002,0.5","591080,0",1,310303,1,skillxueqiu,2,300,400,1,0,1,3,6.5
310400,name310401,icon_310400,0,1,,310401,"Skilldetail59109001,Skilldetail59109002,Skilldetail59109003",0,0,0,21,0,"1002,0.05;1002,0.1;1002,0.2;1002,0.5;1002,0.5","591090,0",1,black,1,0,0,300,400,6,petSheetGetDetail01,3,3,6.5
310401,name310401,icon_310401,2,1,"UI_Anime01,UI_Anime02",310402,"Skilldetail59109001,Skilldetail59109002,Skilldetail59109003",3,400,10,21,1,"1002,0.05;1002,0.1;1002,0.2;1002,0.5;1002,0.5","591090,0",1,310401,0.6,skillxueqiu,2,300,400,6,0,0.7,3,6.5
310402,name310401,icon_310401,10,1,"UI_Anime01,UI_Anime02",310403,"Skilldetail59109001,Skilldetail59109002,Skilldetail59109003",3,4000,30,21,2,"1002,0.05;1002,0.1;1002,0.2;1002,0.5;1002,0.5","591090,0",1,310401,0.8,skillxueqiu,2,300,400,6,0,0.9,3,6.5
310403,name310402,icon_310402,50,1,"UI_Anime01,UI_Anime02",310404,"Skilldetail59109001,Skilldetail59109002,Skilldetail59109003",3,40000,50,21,3,"1002,0.05;1002,0.1;1002,0.2;1002,0.5;1002,0.5","591090,0",1,310402,1,skillxueqiu,2,300,400,6,0,1,3,6.5
310404,name310402,icon_310402,100,1,"UI_Anime01,UI_Anime02",310405,"Skilldetail59109001,Skilldetail59109002,Skilldetail59109003",3,40000,50,21,4,"1002,0.05;1002,0.1;1002,0.2;1002,0.5;1002,0.5","591090,0",1,310402,1,skillxueqiu,2,300,400,6,0,1,3,6.5
310405,name310403,icon_310403,500,1,"UI_Anime01,UI_Anime02",0,"Skilldetail59109001,Skilldetail59109002,Skilldetail59109003",3,40000,50,21,5,"1002,0.05;1002,0.1;1002,0.2;1002,0.5;1002,0.5","591090,0",1,310403,1,skillxueqiu,2,300,400,6,0,1,3,6.5
310500,name310501,icon_310500,5,1,,310501,"Skilldetail59110001,Skilldetail59110002,Skilldetail59110003",0,0,0,19,0,"1002,0.05;1002,0.1;1002,0.2;1002,0.5;1002,0.5","591100,0",2,black,1,0,0,300,400,6,petSheetGetDetail01,3,3,6.5
310501,name310501,icon_310501,5,1,"UI_Anime01,UI_Anime02",310502,"Skilldetail59110001,Skilldetail59110002,Skilldetail59110003",1,300,10,19,1,"1002,0.05;1002,0.1;1002,0.2;1002,0.5;1002,0.5","591100,0",2,310501,0.6,skillxueqiu,2,300,400,6,0,0.7,3,6.5
310502,name310501,icon_310501,10,1,"UI_Anime01,UI_Anime02",310503,"Skilldetail59110001,Skilldetail59110002,Skilldetail59110003",1,3000,30,19,2,"1002,0.05;1002,0.1;1002,0.2;1002,0.5;1002,0.5","591100,0",2,310501,0.8,skillxueqiu,2,300,400,6,0,0.9,3,6.5
310503,name310502,icon_310502,50,1,"UI_Anime01,UI_Anime02",310504,"Skilldetail59110001,Skilldetail59110002,Skilldetail59110003",1,30000,50,19,3,"1002,0.05;1002,0.1;1002,0.2;1002,0.5;1002,0.5","591100,0",2,310502,1,skillxueqiu,2,300,400,6,0,1,3,6.5
310504,name310502,icon_310502,100,1,"UI_Anime01,UI_Anime02",310505,"Skilldetail59110001,Skilldetail59110002,Skilldetail59110003",1,30000,50,19,4,"1002,0.05;1002,0.1;1002,0.2;1002,0.5;1002,0.5","591100,0",2,310502,1,skillxueqiu,2,300,400,6,0,1,3,6.5
310505,name310503,icon_310503,500,1,"UI_Anime01,UI_Anime02",0,"Skilldetail59110001,Skilldetail59110002,Skilldetail59110003",1,30000,50,19,5,"1002,0.05;1002,0.1;1002,0.2;1002,0.5;1002,0.5","591100,0",2,310503,1,skillxueqiu,2,300,400,6,0,1,3,6.5
328010,name328011,lock310100,0,2,,328011,Skilldetail59106001,0,0,0,18,0,"1002,0.05;1002,0.1;1002,0.2;1002,0.5;1002,0.5","591060,0",1,black,1,0,0,300,400,3,petSheetGetDetail01,3,1,6.5
328011,name328011,icon_328011,10,2,"UI_Anime02,UI_Anime03",328012,Skilldetail59106001,1,100,10,18,1,"1002,0.05;1002,0.1;1002,0.2;1002,0.5;1002,0.5","591060,0",1,310101,0.6,skillxueqiu,2,300,400,3,0,0.7,1,6.5
328012,name328011,icon_328011,50,2,"UI_Anime02,UI_Anime03",328013,Skilldetail59106001,1,1000,30,18,2,"1002,0.05;1002,0.1;1002,0.2;1002,0.5;1002,0.5","591060,0",1,310101,0.8,skillxueqiu,2,300,400,3,0,0.9,1,6.5
328013,name328011,icon_328011,100,2,"UI_Anime02,UI_Anime03",328014,Skilldetail59106001,1,1000,30,18,3,"1002,0.05;1002,0.1;1002,0.2;1002,0.5;1002,0.5","591060,0",1,310101,0.8,skillxueqiu,2,300,400,3,0,0.9,1,6.5
328014,name328011,icon_328011,500,2,"UI_Anime02,UI_Anime03",328015,Skilldetail59106001,1,1000,30,18,4,"1002,0.05;1002,0.1;1002,0.2;1002,0.5;1002,0.5","591060,0",1,310101,0.8,skillxueqiu,2,300,400,3,0,0.9,1,6.5
328015,name328011,icon_328011,1000,2,"UI_Anime02,UI_Anime03",0,Skilldetail59106001,1,1000,30,18,5,"1002,0.05;1002,0.1;1002,0.2;1002,0.5;1002,0.5","591060,0",1,310101,0.8,skillxueqiu,2,300,400,3,0,0.9,1,6.5
328020,name328021,lock310100,0,2,,328021,Skilldetail59106001,0,0,0,18,0,"1002,0.05;1002,0.1;1002,0.2;1002,0.5;1002,0.5","591060,0",1,black,1,0,0,300,400,3,petSheetGetDetail01,3,1,6.5
328021,name328021,icon_328021,10,2,"UI_Anime02,UI_Anime03",328022,Skilldetail59106001,1,100,10,18,1,"1002,0.05;1002,0.1;1002,0.2;1002,0.5;1002,0.5","591060,0",1,310101,0.6,skillxueqiu,2,300,400,3,0,0.7,1,6.5
328022,name328021,icon_328021,50,2,"UI_Anime02,UI_Anime03",328023,Skilldetail59106001,1,1000,30,18,2,"1002,0.05;1002,0.1;1002,0.2;1002,0.5;1002,0.5","591060,0",1,310101,0.8,skillxueqiu,2,300,400,3,0,0.9,1,6.5
328023,name328021,icon_328021,100,2,"UI_Anime02,UI_Anime03",328024,Skilldetail59106001,1,1000,30,18,3,"1002,0.05;1002,0.1;1002,0.2;1002,0.5;1002,0.5","591060,0",1,310101,0.8,skillxueqiu,2,300,400,3,0,0.9,1,6.5
328024,name328021,icon_328021,500,2,"UI_Anime02,UI_Anime03",328025,Skilldetail59106001,1,1000,30,18,4,"1002,0.05;1002,0.1;1002,0.2;1002,0.5;1002,0.5","591060,0",1,310101,0.8,skillxueqiu,2,300,400,3,0,0.9,1,6.5
328025,name328021,icon_328021,1000,2,"UI_Anime02,UI_Anime03",0,Skilldetail59106001,1,1000,30,18,5,"1002,0.05;1002,0.1;1002,0.2;1002,0.5;1002,0.5","591060,0",1,310101,0.8,skillxueqiu,2,300,400,3,0,0.9,1,6.5
329010,name329011,lock310100,0,2,,329011,"Skilldetail59106001,Skilldetail59106002",0,0,0,18,0,"1002,0.05;1002,0.1;1002,0.2;1002,0.5;1002,0.5","591060,0",1,black,1,0,0,300,400,3,petSheetGetDetail01,3,2,6.5
329011,name329011,icon_329011,5,2,"UI_Anime02,UI_Anime03",329012,"Skilldetail59106001,Skilldetail59106002",1,100,10,18,1,"1002,0.05;1002,0.1;1002,0.2;1002,0.5;1002,0.5","591060,0",1,310101,0.6,skillxueqiu,2,300,400,3,0,0.7,2,6.5
329012,name329011,icon_329011,10,2,"UI_Anime02,UI_Anime03",329013,"Skilldetail59106001,Skilldetail59106002",1,1000,30,18,2,"1002,0.05;1002,0.1;1002,0.2;1002,0.5;1002,0.5","591060,0",1,310101,0.8,skillxueqiu,2,300,400,3,0,0.9,2,6.5
329013,name329012,icon_329012,50,2,"UI_Anime02,UI_Anime03",329014,"Skilldetail59106001,Skilldetail59106002",1,1000,30,18,3,"1002,0.05;1002,0.1;1002,0.2;1002,0.5;1002,0.5","591060,0",1,310101,0.8,skillxueqiu,2,300,400,3,0,0.9,2,6.5
329014,name329012,icon_329012,100,2,"UI_Anime02,UI_Anime03",329015,"Skilldetail59106001,Skilldetail59106002",1,1000,30,18,4,"1002,0.05;1002,0.1;1002,0.2;1002,0.5;1002,0.5","591060,0",1,310101,0.8,skillxueqiu,2,300,400,3,0,0.9,2,6.5
329015,name329012,icon_329012,500,2,"UI_Anime02,UI_Anime03",0,"Skilldetail59106001,Skilldetail59106002",1,1000,30,18,5,"1002,0.05;1002,0.1;1002,0.2;1002,0.5;1002,0.5","591060,0",1,310101,0.8,skillxueqiu,2,300,400,3,0,0.9,2,6.5
329020,name329021,icon_329020,0,2,,329021,"Skilldetail59106001,Skilldetail59106002",0,0,0,18,0,"1002,0.05;1002,0.1;1002,0.2;1002,0.5;1002,0.5","591060,0",1,black,1,0,0,300,400,3,petSheetGetDetail01,3,2,6.5
329021,name329021,icon_329021,5,2,"UI_Anime02,UI_Anime03",329022,"Skilldetail59106001,Skilldetail59106002",1,100,10,18,1,"1002,0.05;1002,0.1;1002,0.2;1002,0.5;1002,0.5","591060,0",1,310101,0.6,skillxueqiu,2,300,400,3,0,0.7,2,6.5
329022,name329021,icon_329021,10,2,"UI_Anime02,UI_Anime03",329023,"Skilldetail59106001,Skilldetail59106002",1,1000,30,18,2,"1002,0.05;1002,0.1;1002,0.2;1002,0.5;1002,0.5","591060,0",1,310101,0.8,skillxueqiu,2,300,400,3,0,0.9,2,6.5
329023,name329022,icon_329022,50,2,"UI_Anime02,UI_Anime03",329024,"Skilldetail59106001,Skilldetail59106002",1,1000,30,18,3,"1002,0.05;1002,0.1;1002,0.2;1002,0.5;1002,0.5","591060,0",1,310101,0.8,skillxueqiu,2,300,400,3,0,0.9,2,6.5
329024,name329022,icon_329022,100,2,"UI_Anime02,UI_Anime03",329025,"Skilldetail59106001,Skilldetail59106002",1,1000,30,18,4,"1002,0.05;1002,0.1;1002,0.2;1002,0.5;1002,0.5","591060,0",1,310101,0.8,skillxueqiu,2,300,400,3,0,0.9,2,6.5
329025,name329022,icon_329022,500,2,"UI_Anime02,UI_Anime03",0,"Skilldetail59106001,Skilldetail59106002",1,1000,30,18,5,"1002,0.05;1002,0.1;1002,0.2;1002,0.5;1002,0.5","591060,0",1,310101,0.8,skillxueqiu,2,300,400,3,0,0.9,2,6.5
329030,name329031,icon_329030,0,2,,329031,"Skilldetail59106001,Skilldetail59106002",0,0,0,18,0,"1002,0.05;1002,0.1;1002,0.2;1002,0.5;1002,0.5","591060,0",1,black,1,0,0,300,400,3,petSheetGetDetail01,3,2,6.5
329031,name329031,icon_329031,5,2,"UI_Anime02,UI_Anime03",329032,"Skilldetail59106001,Skilldetail59106002",1,100,10,18,1,"1002,0.05;1002,0.1;1002,0.2;1002,0.5;1002,0.5","591060,0",1,310101,0.6,skillxueqiu,2,300,400,3,0,0.7,2,6.5
329032,name329031,icon_329031,10,2,"UI_Anime02,UI_Anime03",329033,"Skilldetail59106001,Skilldetail59106002",1,1000,30,18,2,"1002,0.05;1002,0.1;1002,0.2;1002,0.5;1002,0.5","591060,0",1,310101,0.8,skillxueqiu,2,300,400,3,0,0.9,2,6.5
329033,name329032,icon_329032,50,2,"UI_Anime02,UI_Anime03",329034,"Skilldetail59106001,Skilldetail59106002",1,1000,30,18,3,"1002,0.05;1002,0.1;1002,0.2;1002,0.5;1002,0.5","591060,0",1,310101,0.8,skillxueqiu,2,300,400,3,0,0.9,2,6.5
329034,name329032,icon_329032,500,2,"UI_Anime02,UI_Anime03",329035,"Skilldetail59106001,Skilldetail59106002",1,1000,30,18,4,"1002,0.05;1002,0.1;1002,0.2;1002,0.5;1002,0.5","591060,0",1,310101,0.8,skillxueqiu,2,300,400,3,0,0.9,2,6.5
329035,name329032,icon_329032,500,2,"UI_Anime02,UI_Anime03",0,"Skilldetail59106001,Skilldetail59106002",1,1000,30,18,5,"1002,0.05;1002,0.1;1002,0.2;1002,0.5;1002,0.5","591060,0",1,310101,0.8,skillxueqiu,2,300,400,3,0,0.9,2,6.5
329040,name329041,icon_329040,0,2,,329041,"Skilldetail59106001,Skilldetail59106002",0,0,0,18,0,"1002,0.05;1002,0.1;1002,0.2;1002,0.5;1002,0.5","591060,0",1,black,1,0,0,300,400,3,petSheetGetDetail01,3,2,6.5
329041,name329041,icon_329041,5,2,"UI_Anime02,UI_Anime03",329042,"Skilldetail59106001,Skilldetail59106002",1,100,10,18,1,"1002,0.05;1002,0.1;1002,0.2;1002,0.5;1002,0.5","591060,0",1,310101,0.6,skillxueqiu,2,300,400,3,0,0.7,2,6.5
329042,name329041,icon_329041,10,2,"UI_Anime02,UI_Anime03",329043,"Skilldetail59106001,Skilldetail59106002",1,1000,30,18,2,"1002,0.05;1002,0.1;1002,0.2;1002,0.5;1002,0.5","591060,0",1,310101,0.8,skillxueqiu,2,300,400,3,0,0.9,2,6.5
329043,name329042,icon_329042,50,2,"UI_Anime02,UI_Anime03",329044,"Skilldetail59106001,Skilldetail59106002",1,1000,30,18,3,"1002,0.05;1002,0.1;1002,0.2;1002,0.5;1002,0.5","591060,0",1,310101,0.8,skillxueqiu,2,300,400,3,0,0.9,2,6.5
329044,name329042,icon_329042,100,2,"UI_Anime02,UI_Anime03",329045,"Skilldetail59106001,Skilldetail59106002",1,1000,30,18,4,"1002,0.05;1002,0.1;1002,0.2;1002,0.5;1002,0.5","591060,0",1,310101,0.8,skillxueqiu,2,300,400,3,0,0.9,2,6.5
329045,name329042,icon_329042,500,2,"UI_Anime02,UI_Anime03",0,"Skilldetail59106001,Skilldetail59106002",1,1000,30,18,5,"1002,0.05;1002,0.1;1002,0.2;1002,0.5;1002,0.5","591060,0",1,310101,0.8,skillxueqiu,2,300,400,3,0,0.9,2,6.5
320100,name320101,icon_320100,0,2,,320101,"Skilldetail59106001,Skilldetail59106002,Skilldetail59106003",0,0,0,18,0,"1002,0.05;1002,0.1;1002,0.2;1002,0.5;1002,0.5","591060,0",1,black,1,0,0,300,400,3,petSheetGetDetail01,3,3,6.5
320101,name320101,icon_320101,2,2,"UI_Anime02,UI_Anime03",320102,"Skilldetail59106001,Skilldetail59106002,Skilldetail59106003",1,100,10,18,1,"1002,0.05;1002,0.1;1002,0.2;1002,0.5;1002,0.5","591060,0",1,310101,0.6,skillxueqiu,2,300,400,3,0,0.7,3,6.5
320102,name320101,icon_320101,10,2,"UI_Anime02,UI_Anime03",320103,"Skilldetail59106001,Skilldetail59106002,Skilldetail59106003",1,1000,30,18,2,"1002,0.05;1002,0.1;1002,0.2;1002,0.5;1002,0.5","591060,0",1,310101,0.8,skillxueqiu,2,300,400,3,0,0.9,3,6.5
320103,name320102,icon_320102,50,2,"UI_Anime02,UI_Anime03",320104,"Skilldetail59106001,Skilldetail59106002,Skilldetail59106003",1,10000,50,18,3,"1002,0.05;1002,0.1;1002,0.2;1002,0.5;1002,0.5","591060,0",1,310102,1,skillxueqiu,2,300,400,3,0,1,3,6.5
320104,name320102,icon_320102,100,2,"UI_Anime02,UI_Anime03",320105,"Skilldetail59106001,Skilldetail59106002,Skilldetail59106003",1,10000,50,18,4,"1002,0.05;1002,0.1;1002,0.2;1002,0.5;1002,0.5","591060,0",1,310102,1,skillxueqiu,2,300,400,3,0,1,3,6.5
320105,name320103,icon_320103,500,2,"UI_Anime02,UI_Anime03",0,"Skilldetail59106001,Skilldetail59106002,Skilldetail59106003",1,10000,50,18,5,"1002,0.05;1002,0.1;1002,0.2;1002,0.5;1002,0.5","591060,0",1,310103,1,skillxueqiu,2,300,400,3,0,1,3,6.5
320200,name320201,icon_320200,0,2,,320201,"Skilldetail59106001,Skilldetail59106002,Skilldetail59106003;Skilldetail59107001,Skilldetail59107002,Skilldetail59107003",0,0,0,20,0,"1002,0.05;1002,0.1;1002,0.2;1002,0.5;1002,0.5","591,060,591,070",1,black,1,0,0,300,400,10,petSheetGetDetail05,3,3,6.5
320201,name320201,icon_320201,5,2,"UI_Anime04,UI_Anime03",320202,"Skilldetail59106001,Skilldetail59106002,Skilldetail59106003;Skilldetail59107001,Skilldetail59107002,Skilldetail59107003",3,200,10,20,1,"1002,0.05;1002,0.1;1002,0.2;1002,0.5;1002,0.5","591,060,591,070",1,310201,0.6,skillxueqiu,2,300,400,10,0,0.7,3,6.5
320202,name320201,icon_320201,10,2,"UI_Anime04,UI_Anime03",320203,"Skilldetail59106001,Skilldetail59106002,Skilldetail59106003;Skilldetail59107001,Skilldetail59107002,Skilldetail59107003",3,200,10,20,2,"1002,0.05;1002,0.1;1002,0.2;1002,0.5;1002,0.5","591,060,591,070",1,310201,0.6,skillxueqiu,2,300,400,10,0,0.7,3,6.5
320203,name320202,icon_320202,50,2,"UI_Anime04,UI_Anime03",320204,"Skilldetail59106001,Skilldetail59106002,Skilldetail59106003;Skilldetail59107001,Skilldetail59107002,Skilldetail59107003",3,2000,30,20,3,"1002,0.05;1002,0.1;1002,0.2;1002,0.5;1002,0.5","591,060,591,070",1,310202,0.8,skillxueqiu,2,300,400,10,0,0.9,3,6.5
320204,name320202,icon_320202,100,2,"UI_Anime04,UI_Anime03",320205,"Skilldetail59106001,Skilldetail59106002,Skilldetail59106003;Skilldetail59107001,Skilldetail59107002,Skilldetail59107003",3,20000,50,20,4,"1002,0.05;1002,0.1;1002,0.2;1002,0.5;1002,0.5","591,060,591,070",1,310202,1,skillxueqiu,2,300,400,10,0,1,3,6.5
320205,name320203,icon_320203,500,2,"UI_Anime04,UI_Anime03",0,"Skilldetail59106001,Skilldetail59106002,Skilldetail59106003;Skilldetail59107001,Skilldetail59107002,Skilldetail59107003",3,20000,50,20,5,"1002,0.05;1002,0.1;1002,0.2;1002,0.5;1002,0.5","591,060,591,070",1,310203,1,skillxueqiu,2,300,400,10,0,1,3,6.5
320300,name320301,icon_320300,0,2,,320301,"Skilldetail59106001,Skilldetail59106002,Skilldetail59106003",0,0,0,19,0,"1002,0.05;1002,0.1;1002,0.2;1002,0.5;1002,0.5","591060,0",1,black,1,0,0,300,400,1,petSheetGetDetail06,3,3,6.5
320301,name320301,icon_320301,2,2,"UI_Anime05,UI_Anime06,UI_Anime02",320302,"Skilldetail59106001,Skilldetail59106002,Skilldetail59106003",1,300,10,19,1,"1002,0.05;1002,0.1;1002,0.2;1002,0.5;1002,0.5","591060,0",1,310301,0.6,skillxueqiu,2,300,400,1,0,0.7,3,6.5
320302,name320301,icon_320301,10,2,"UI_Anime05,UI_Anime06,UI_Anime02",320303,"Skilldetail59106001,Skilldetail59106002,Skilldetail59106003",1,3000,30,19,2,"1002,0.05;1002,0.1;1002,0.2;1002,0.5;1002,0.5","591060,0",1,310301,0.8,skillxueqiu,2,300,400,1,0,0.9,3,6.5
320303,name320302,icon_320302,50,2,"UI_Anime05,UI_Anime06,UI_Anime02",320304,"Skilldetail59106001,Skilldetail59106002,Skilldetail59106003",1,30000,50,19,3,"1002,0.05;1002,0.1;1002,0.2;1002,0.5;1002,0.5","591060,0",1,310302,1,skillxueqiu,2,300,400,1,0,1,3,6.5
320304,name320302,icon_320302,100,2,"UI_Anime05,UI_Anime06,UI_Anime02",320305,"Skilldetail59106001,Skilldetail59106002,Skilldetail59106003",1,30000,50,19,4,"1002,0.05;1002,0.1;1002,0.2;1002,0.5;1002,0.5","591060,0",1,310302,1,skillxueqiu,2,300,400,1,0,1,3,6.5
320305,name320303,icon_320303,500,2,"UI_Anime05,UI_Anime06,UI_Anime02",0,"Skilldetail59106001,Skilldetail59106002,Skilldetail59106003",1,30000,50,19,5,"1002,0.05;1002,0.1;1002,0.2;1002,0.5;1002,0.5","591060,0",1,310303,1,skillxueqiu,2,300,400,1,0,1,3,6.5
320400,name320401,icon_320400,0,2,,320401,"Skilldetail59106001,Skilldetail59106002,Skilldetail59106003",0,0,0,21,0,"1002,0.05;1002,0.1;1002,0.2;1002,0.5;1002,0.5","591060,0",1,black,1,0,0,300,400,6,petSheetGetDetail01,3,3,6.5
320401,name320401,icon_320401,2,2,"UI_Anime01,UI_Anime02",320402,"Skilldetail59106001,Skilldetail59106002,Skilldetail59106003",3,400,10,21,1,"1002,0.05;1002,0.1;1002,0.2;1002,0.5;1002,0.5","591060,0",1,310401,0.6,skillxueqiu,2,300,400,6,0,0.7,3,6.5
320402,name320401,icon_320401,10,2,"UI_Anime01,UI_Anime02",320403,"Skilldetail59106001,Skilldetail59106002,Skilldetail59106003",3,4000,30,21,2,"1002,0.05;1002,0.1;1002,0.2;1002,0.5;1002,0.5","591060,0",1,310401,0.8,skillxueqiu,2,300,400,6,0,0.9,3,6.5
320403,name320402,icon_320402,50,2,"UI_Anime01,UI_Anime02",320404,"Skilldetail59106001,Skilldetail59106002,Skilldetail59106003",3,40000,50,21,3,"1002,0.05;1002,0.1;1002,0.2;1002,0.5;1002,0.5","591060,0",1,310402,1,skillxueqiu,2,300,400,6,0,1,3,6.5
320404,name320402,icon_320402,100,2,"UI_Anime01,UI_Anime02",320405,"Skilldetail59106001,Skilldetail59106002,Skilldetail59106003",3,40000,50,21,4,"1002,0.05;1002,0.1;1002,0.2;1002,0.5;1002,0.5","591060,0",1,310402,1,skillxueqiu,2,300,400,6,0,1,3,6.5
320405,name320403,icon_320403,500,2,"UI_Anime01,UI_Anime02",0,"Skilldetail59106001,Skilldetail59106002,Skilldetail59106003",3,40000,50,21,5,"1002,0.05;1002,0.1;1002,0.2;1002,0.5;1002,0.5","591060,0",1,310403,1,skillxueqiu,2,300,400,6,0,1,3,6.5
320500,name320501,icon_320500,5,2,,320501,,0,0,0,19,0,"1002,0.05;1002,0.1;1002,0.2;1002,0.5;1002,0.5","0,0",2,black,1,0,0,300,400,6,petSheetGetDetail01,3,3,6.5
320501,name320501,icon_320501,5,2,"UI_Anime01,UI_Anime02",320502,,1,300,10,19,1,"1002,0.05;1002,0.1;1002,0.2;1002,0.5;1002,0.5","0,0",2,310501,0.6,skillxueqiu,2,300,400,6,0,0.7,3,6.5
320502,name320501,icon_320501,10,2,"UI_Anime01,UI_Anime02",320503,,1,3000,30,19,2,"1002,0.05;1002,0.1;1002,0.2;1002,0.5;1002,0.5","0,0",2,310501,0.8,skillxueqiu,2,300,400,6,0,0.9,3,6.5
320503,name320502,icon_320502,50,2,"UI_Anime01,UI_Anime02",320504,,1,30000,50,19,3,"1002,0.05;1002,0.1;1002,0.2;1002,0.5;1002,0.5","0,0",2,310502,1,skillxueqiu,2,300,400,6,0,1,3,6.5
320504,name320502,icon_320502,100,2,"UI_Anime01,UI_Anime02",320505,,1,30000,50,19,4,"1002,0.05;1002,0.1;1002,0.2;1002,0.5;1002,0.5","0,0",2,310502,1,skillxueqiu,2,300,400,6,0,1,3,6.5
320505,name320503,icon_320503,500,2,"UI_Anime01,UI_Anime02",0,,1,30000,50,19,5,"1002,0.05;1002,0.1;1002,0.2;1002,0.5;1002,0.5","0,0",2,310503,1,skillxueqiu,2,300,400,6,0,1,3,6.5
338010,name338011,lock310100,0,3,,338011,Skilldetail59106001,0,0,0,18,0,"1002,0.05;1002,0.1;1002,0.2;1002,0.5;1002,0.5","591060,0",1,black,1,0,0,300,400,3,petSheetGetDetail01,3,1,6.5
338011,name338011,icon_338011,10,3,"UI_Anime02,UI_Anime03",338012,Skilldetail59106001,1,100,10,18,1,"1002,0.05;1002,0.1;1002,0.2;1002,0.5;1002,0.5","591060,0",1,310101,0.6,skillxueqiu,2,300,400,3,0,0.7,1,6.5
338012,name338011,icon_338011,50,3,"UI_Anime02,UI_Anime03",338013,Skilldetail59106001,1,1000,30,18,2,"1002,0.05;1002,0.1;1002,0.2;1002,0.5;1002,0.5","591060,0",1,310101,0.8,skillxueqiu,2,300,400,3,0,0.9,1,6.5
338013,name338011,icon_338011,100,3,"UI_Anime02,UI_Anime03",338014,Skilldetail59106001,1,1000,30,18,3,"1002,0.05;1002,0.1;1002,0.2;1002,0.5;1002,0.5","591060,0",1,310101,0.8,skillxueqiu,2,300,400,3,0,0.9,1,6.5
338014,name338011,icon_338011,500,3,"UI_Anime02,UI_Anime03",338015,Skilldetail59106001,1,1000,30,18,4,"1002,0.05;1002,0.1;1002,0.2;1002,0.5;1002,0.5","591060,0",1,310101,0.8,skillxueqiu,2,300,400,3,0,0.9,1,6.5
338015,name338011,icon_338011,1000,3,"UI_Anime02,UI_Anime03",0,Skilldetail59106001,1,1000,30,18,5,"1002,0.05;1002,0.1;1002,0.2;1002,0.5;1002,0.5","591060,0",1,310101,0.8,skillxueqiu,2,300,400,3,0,0.9,1,6.5
338020,name338021,lock310100,0,3,,338021,Skilldetail59106001,0,0,0,18,0,"1002,0.05;1002,0.1;1002,0.2;1002,0.5;1002,0.5","591060,0",1,black,1,0,0,300,400,3,petSheetGetDetail01,3,1,6.5
338021,name338021,icon_338021,10,3,"UI_Anime02,UI_Anime03",338022,Skilldetail59106001,1,100,10,18,1,"1002,0.05;1002,0.1;1002,0.2;1002,0.5;1002,0.5","591060,0",1,310101,0.6,skillxueqiu,2,300,400,3,0,0.7,1,6.5
338022,name338021,icon_338021,50,3,"UI_Anime02,UI_Anime03",338023,Skilldetail59106001,1,1000,30,18,2,"1002,0.05;1002,0.1;1002,0.2;1002,0.5;1002,0.5","591060,0",1,310101,0.8,skillxueqiu,2,300,400,3,0,0.9,1,6.5
338023,name338021,icon_338021,100,3,"UI_Anime02,UI_Anime03",338024,Skilldetail59106001,1,1000,30,18,3,"1002,0.05;1002,0.1;1002,0.2;1002,0.5;1002,0.5","591060,0",1,310101,0.8,skillxueqiu,2,300,400,3,0,0.9,1,6.5
338024,name338021,icon_338021,500,3,"UI_Anime02,UI_Anime03",338025,Skilldetail59106001,1,1000,30,18,4,"1002,0.05;1002,0.1;1002,0.2;1002,0.5;1002,0.5","591060,0",1,310101,0.8,skillxueqiu,2,300,400,3,0,0.9,1,6.5
338025,name338021,icon_338021,1000,3,"UI_Anime02,UI_Anime03",0,Skilldetail59106001,1,1000,30,18,5,"1002,0.05;1002,0.1;1002,0.2;1002,0.5;1002,0.5","591060,0",1,310101,0.8,skillxueqiu,2,300,400,3,0,0.9,1,6.5
339010,name339011,lock310100,0,3,,339011,"Skilldetail59106001,Skilldetail59106002",0,0,0,18,0,"1002,0.05;1002,0.1;1002,0.2;1002,0.5;1002,0.5","591060,0",1,black,1,0,0,300,400,3,petSheetGetDetail01,3,2,6.5
339011,name339011,icon_339011,5,3,"UI_Anime02,UI_Anime03",339012,"Skilldetail59106001,Skilldetail59106002",1,100,10,18,1,"1002,0.05;1002,0.1;1002,0.2;1002,0.5;1002,0.5","591060,0",1,310101,0.6,skillxueqiu,2,300,400,3,0,0.7,2,6.5
339012,name339011,icon_339011,10,3,"UI_Anime02,UI_Anime03",339013,"Skilldetail59106001,Skilldetail59106002",1,1000,30,18,2,"1002,0.05;1002,0.1;1002,0.2;1002,0.5;1002,0.5","591060,0",1,310101,0.8,skillxueqiu,2,300,400,3,0,0.9,2,6.5
339013,name339012,icon_339012,50,3,"UI_Anime02,UI_Anime03",339014,"Skilldetail59106001,Skilldetail59106002",1,1000,30,18,3,"1002,0.05;1002,0.1;1002,0.2;1002,0.5;1002,0.5","591060,0",1,310101,0.8,skillxueqiu,2,300,400,3,0,0.9,2,6.5
339014,name339012,icon_339012,100,3,"UI_Anime02,UI_Anime03",339015,"Skilldetail59106001,Skilldetail59106002",1,1000,30,18,4,"1002,0.05;1002,0.1;1002,0.2;1002,0.5;1002,0.5","591060,0",1,310101,0.8,skillxueqiu,2,300,400,3,0,0.9,2,6.5
339015,name339012,icon_339012,500,3,"UI_Anime02,UI_Anime03",0,"Skilldetail59106001,Skilldetail59106002",1,1000,30,18,5,"1002,0.05;1002,0.1;1002,0.2;1002,0.5;1002,0.5","591060,0",1,310101,0.8,skillxueqiu,2,300,400,3,0,0.9,2,6.5
339020,name339021,icon_339020,0,3,,339021,"Skilldetail59106001,Skilldetail59106002",0,0,0,18,0,"1002,0.05;1002,0.1;1002,0.2;1002,0.5;1002,0.5","591060,0",1,black,1,0,0,300,400,3,petSheetGetDetail01,3,2,6.5
339021,name339021,icon_339021,5,3,"UI_Anime02,UI_Anime03",339022,"Skilldetail59106001,Skilldetail59106002",1,100,10,18,1,"1002,0.05;1002,0.1;1002,0.2;1002,0.5;1002,0.5","591060,0",1,310101,0.6,skillxueqiu,2,300,400,3,0,0.7,2,6.5
339022,name339021,icon_339021,10,3,"UI_Anime02,UI_Anime03",339023,"Skilldetail59106001,Skilldetail59106002",1,1000,30,18,2,"1002,0.05;1002,0.1;1002,0.2;1002,0.5;1002,0.5","591060,0",1,310101,0.8,skillxueqiu,2,300,400,3,0,0.9,2,6.5
339023,name339022,icon_339022,50,3,"UI_Anime02,UI_Anime03",339024,"Skilldetail59106001,Skilldetail59106002",1,1000,30,18,3,"1002,0.05;1002,0.1;1002,0.2;1002,0.5;1002,0.5","591060,0",1,310101,0.8,skillxueqiu,2,300,400,3,0,0.9,2,6.5
339024,name339022,icon_339022,100,3,"UI_Anime02,UI_Anime03",339025,"Skilldetail59106001,Skilldetail59106002",1,1000,30,18,4,"1002,0.05;1002,0.1;1002,0.2;1002,0.5;1002,0.5","591060,0",1,310101,0.8,skillxueqiu,2,300,400,3,0,0.9,2,6.5
339025,name339022,icon_339022,500,3,"UI_Anime02,UI_Anime03",0,"Skilldetail59106001,Skilldetail59106002",1,1000,30,18,5,"1002,0.05;1002,0.1;1002,0.2;1002,0.5;1002,0.5","591060,0",1,310101,0.8,skillxueqiu,2,300,400,3,0,0.9,2,6.5
339030,name339031,icon_339030,0,3,,339031,"Skilldetail59106001,Skilldetail59106002",0,0,0,18,0,"1002,0.05;1002,0.1;1002,0.2;1002,0.5;1002,0.5","591060,0",1,black,1,0,0,300,400,3,petSheetGetDetail01,3,2,6.5
339031,name339031,icon_339031,5,3,"UI_Anime02,UI_Anime03",339032,"Skilldetail59106001,Skilldetail59106002",1,100,10,18,1,"1002,0.05;1002,0.1;1002,0.2;1002,0.5;1002,0.5","591060,0",1,310101,0.6,skillxueqiu,2,300,400,3,0,0.7,2,6.5
339032,name339031,icon_339031,10,3,"UI_Anime02,UI_Anime03",339033,"Skilldetail59106001,Skilldetail59106002",1,1000,30,18,2,"1002,0.05;1002,0.1;1002,0.2;1002,0.5;1002,0.5","591060,0",1,310101,0.8,skillxueqiu,2,300,400,3,0,0.9,2,6.5
339033,name339032,icon_339032,50,3,"UI_Anime02,UI_Anime03",339034,"Skilldetail59106001,Skilldetail59106002",1,1000,30,18,3,"1002,0.05;1002,0.1;1002,0.2;1002,0.5;1002,0.5","591060,0",1,310101,0.8,skillxueqiu,2,300,400,3,0,0.9,2,6.5
339034,name339032,icon_339032,100,3,"UI_Anime02,UI_Anime03",339035,"Skilldetail59106001,Skilldetail59106002",1,1000,30,18,4,"1002,0.05;1002,0.1;1002,0.2;1002,0.5;1002,0.5","591060,0",1,310101,0.8,skillxueqiu,2,300,400,3,0,0.9,2,6.5
339035,name339032,icon_339032,500,3,"UI_Anime02,UI_Anime03",0,"Skilldetail59106001,Skilldetail59106002",1,1000,30,18,5,"1002,0.05;1002,0.1;1002,0.2;1002,0.5;1002,0.5","591060,0",1,310101,0.8,skillxueqiu,2,300,400,3,0,0.9,2,6.5
339040,name339041,icon_339040,0,3,,339041,"Skilldetail59106001,Skilldetail59106002",0,0,0,18,0,"1002,0.05;1002,0.1;1002,0.2;1002,0.5;1002,0.5","591060,0",1,black,1,0,0,300,400,3,petSheetGetDetail01,3,2,6.5
339041,name339041,icon_339041,5,3,"UI_Anime02,UI_Anime03",339042,"Skilldetail59106001,Skilldetail59106002",1,100,10,18,1,"1002,0.05;1002,0.1;1002,0.2;1002,0.5;1002,0.5","591060,0",1,310101,0.6,skillxueqiu,2,300,400,3,0,0.7,2,6.5
339042,name339041,icon_339041,10,3,"UI_Anime02,UI_Anime03",339043,"Skilldetail59106001,Skilldetail59106002",1,1000,30,18,2,"1002,0.05;1002,0.1;1002,0.2;1002,0.5;1002,0.5","591060,0",1,310101,0.8,skillxueqiu,2,300,400,3,0,0.9,2,6.5
339043,name339042,icon_339042,50,3,"UI_Anime02,UI_Anime03",339044,"Skilldetail59106001,Skilldetail59106002",1,1000,30,18,3,"1002,0.05;1002,0.1;1002,0.2;1002,0.5;1002,0.5","591060,0",1,310101,0.8,skillxueqiu,2,300,400,3,0,0.9,2,6.5
339044,name339042,icon_339042,100,3,"UI_Anime02,UI_Anime03",339045,"Skilldetail59106001,Skilldetail59106002",1,1000,30,18,4,"1002,0.05;1002,0.1;1002,0.2;1002,0.5;1002,0.5","591060,0",1,310101,0.8,skillxueqiu,2,300,400,3,0,0.9,2,6.5
339045,name339042,icon_339042,500,3,"UI_Anime02,UI_Anime03",0,"Skilldetail59106001,Skilldetail59106002",1,1000,30,18,5,"1002,0.05;1002,0.1;1002,0.2;1002,0.5;1002,0.5","591060,0",1,310101,0.8,skillxueqiu,2,300,400,3,0,0.9,2,6.5
330100,name330101,icon_330100,0,3,,330101,"Skilldetail59106001,Skilldetail59106002,Skilldetail59106003",0,0,0,18,0,"1002,0.05;1002,0.1;1002,0.2;1002,0.5;1002,0.5","591060,0",1,black,1,0,0,300,400,3,petSheetGetDetail01,3,3,6.5
330101,name330101,icon_330101,2,3,"UI_Anime02,UI_Anime03",330102,"Skilldetail59106001,Skilldetail59106002,Skilldetail59106003",1,100,10,18,1,"1002,0.05;1002,0.1;1002,0.2;1002,0.5;1002,0.5","591060,0",1,310101,0.6,skillxueqiu,2,300,400,3,0,0.7,3,6.5
330102,name330101,icon_330101,10,3,"UI_Anime02,UI_Anime03",330103,"Skilldetail59106001,Skilldetail59106002,Skilldetail59106003",1,1000,30,18,2,"1002,0.05;1002,0.1;1002,0.2;1002,0.5;1002,0.5","591060,0",1,310101,0.8,skillxueqiu,2,300,400,3,0,0.9,3,6.5
330103,name330102,icon_330102,50,3,"UI_Anime02,UI_Anime03",330104,"Skilldetail59106001,Skilldetail59106002,Skilldetail59106003",1,10000,50,18,3,"1002,0.05;1002,0.1;1002,0.2;1002,0.5;1002,0.5","591060,0",1,310102,1,skillxueqiu,2,300,400,3,0,1,3,6.5
330104,name330102,icon_330102,100,3,"UI_Anime02,UI_Anime03",330105,"Skilldetail59106001,Skilldetail59106002,Skilldetail59106003",1,10000,50,18,4,"1002,0.05;1002,0.1;1002,0.2;1002,0.5;1002,0.5","591060,0",1,310102,1,skillxueqiu,2,300,400,3,0,1,3,6.5
330105,name330103,icon_330103,500,3,"UI_Anime02,UI_Anime03",0,"Skilldetail59106001,Skilldetail59106002,Skilldetail59106003",1,10000,50,18,5,"1002,0.05;1002,0.1;1002,0.2;1002,0.5;1002,0.5","591060,0",1,310103,1,skillxueqiu,2,300,400,3,0,1,3,6.5
330200,name330201,icon_330200,0,3,,330201,"Skilldetail59106001,Skilldetail59106002,Skilldetail59106003;Skilldetail59107001,Skilldetail59107002,Skilldetail59107003",0,0,0,20,0,"1002,0.05;1002,0.1;1002,0.2;1002,0.5;1002,0.5","591,060,591,070",1,black,1,0,0,300,400,10,petSheetGetDetail05,3,3,6.5
330201,name330201,icon_330201,5,3,"UI_Anime04,UI_Anime03",330202,"Skilldetail59106001,Skilldetail59106002,Skilldetail59106003;Skilldetail59107001,Skilldetail59107002,Skilldetail59107003",3,200,10,20,1,"1002,0.05;1002,0.1;1002,0.2;1002,0.5;1002,0.5","591,060,591,070",1,310201,0.6,skillxueqiu,2,300,400,10,0,0.7,3,6.5
330202,name330201,icon_330201,10,3,"UI_Anime04,UI_Anime03",330203,"Skilldetail59106001,Skilldetail59106002,Skilldetail59106003;Skilldetail59107001,Skilldetail59107002,Skilldetail59107003",3,200,10,20,2,"1002,0.05;1002,0.1;1002,0.2;1002,0.5;1002,0.5","591,060,591,070",1,310201,0.6,skillxueqiu,2,300,400,10,0,0.7,3,6.5
330203,name330202,icon_330202,50,3,"UI_Anime04,UI_Anime03",330204,"Skilldetail59106001,Skilldetail59106002,Skilldetail59106003;Skilldetail59107001,Skilldetail59107002,Skilldetail59107003",3,2000,30,20,3,"1002,0.05;1002,0.1;1002,0.2;1002,0.5;1002,0.5","591,060,591,070",1,310202,0.8,skillxueqiu,2,300,400,10,0,0.9,3,6.5
330204,name330202,icon_330202,100,3,"UI_Anime04,UI_Anime03",330205,"Skilldetail59106001,Skilldetail59106002,Skilldetail59106003;Skilldetail59107001,Skilldetail59107002,Skilldetail59107003",3,20000,50,20,4,"1002,0.05;1002,0.1;1002,0.2;1002,0.5;1002,0.5","591,060,591,070",1,310202,1,skillxueqiu,2,300,400,10,0,1,3,6.5
330205,name330203,icon_330203,500,3,"UI_Anime04,UI_Anime03",0,"Skilldetail59106001,Skilldetail59106002,Skilldetail59106003;Skilldetail59107001,Skilldetail59107002,Skilldetail59107003",3,20000,50,20,5,"1002,0.05;1002,0.1;1002,0.2;1002,0.5;1002,0.5","591,060,591,070",1,310203,1,skillxueqiu,2,300,400,10,0,1,3,6.5
330300,name330301,icon_330300,0,3,,330301,"Skilldetail59106001,Skilldetail59106002,Skilldetail59106003",0,0,0,19,0,"1002,0.05;1002,0.1;1002,0.2;1002,0.5;1002,0.5","591060,0",1,black,1,0,0,300,400,1,petSheetGetDetail06,3,3,6.5
330301,name330301,icon_330301,2,3,"UI_Anime05,UI_Anime06,UI_Anime02",330302,"Skilldetail59106001,Skilldetail59106002,Skilldetail59106003",1,300,10,19,1,"1002,0.05;1002,0.1;1002,0.2;1002,0.5;1002,0.5","591060,0",1,310301,0.6,skillxueqiu,2,300,400,1,0,0.7,3,6.5
330302,name330301,icon_330301,10,3,"UI_Anime05,UI_Anime06,UI_Anime02",330303,"Skilldetail59106001,Skilldetail59106002,Skilldetail59106003",1,3000,30,19,2,"1002,0.05;1002,0.1;1002,0.2;1002,0.5;1002,0.5","591060,0",1,310301,0.8,skillxueqiu,2,300,400,1,0,0.9,3,6.5
330303,name330302,icon_330302,50,3,"UI_Anime05,UI_Anime06,UI_Anime02",330304,"Skilldetail59106001,Skilldetail59106002,Skilldetail59106003",1,30000,50,19,3,"1002,0.05;1002,0.1;1002,0.2;1002,0.5;1002,0.5","591060,0",1,310302,1,skillxueqiu,2,300,400,1,0,1,3,6.5
330304,name330302,icon_330302,100,3,"UI_Anime05,UI_Anime06,UI_Anime02",330305,"Skilldetail59106001,Skilldetail59106002,Skilldetail59106003",1,30000,50,19,4,"1002,0.05;1002,0.1;1002,0.2;1002,0.5;1002,0.5","591060,0",1,310302,1,skillxueqiu,2,300,400,1,0,1,3,6.5
330305,name330303,icon_330303,500,3,"UI_Anime05,UI_Anime06,UI_Anime02",0,"Skilldetail59106001,Skilldetail59106002,Skilldetail59106003",1,30000,50,19,5,"1002,0.05;1002,0.1;1002,0.2;1002,0.5;1002,0.5","591060,0",1,310303,1,skillxueqiu,2,300,400,1,0,1,3,6.5
330400,name330401,icon_330400,0,3,,330401,"Skilldetail59106001,Skilldetail59106002,Skilldetail59106003",0,0,0,21,0,"1002,0.05;1002,0.1;1002,0.2;1002,0.5;1002,0.5","591060,0",1,black,1,0,0,300,400,6,petSheetGetDetail01,3,3,6.5
330401,name330401,icon_330401,2,3,"UI_Anime01,UI_Anime02",330402,"Skilldetail59106001,Skilldetail59106002,Skilldetail59106003",3,400,10,21,1,"1002,0.05;1002,0.1;1002,0.2;1002,0.5;1002,0.5","591060,0",1,310401,0.6,skillxueqiu,2,300,400,6,0,0.7,3,6.5
330402,name330401,icon_330401,10,3,"UI_Anime01,UI_Anime02",330403,"Skilldetail59106001,Skilldetail59106002,Skilldetail59106003",3,4000,30,21,2,"1002,0.05;1002,0.1;1002,0.2;1002,0.5;1002,0.5","591060,0",1,310401,0.8,skillxueqiu,2,300,400,6,0,0.9,3,6.5
330403,name330402,icon_330402,50,3,"UI_Anime01,UI_Anime02",330404,"Skilldetail59106001,Skilldetail59106002,Skilldetail59106003",3,40000,50,21,3,"1002,0.05;1002,0.1;1002,0.2;1002,0.5;1002,0.5","591060,0",1,310402,1,skillxueqiu,2,300,400,6,0,1,3,6.5
330404,name330402,icon_330402,100,3,"UI_Anime01,UI_Anime02",330405,"Skilldetail59106001,Skilldetail59106002,Skilldetail59106003",3,40000,50,21,4,"1002,0.05;1002,0.1;1002,0.2;1002,0.5;1002,0.5","591060,0",1,310402,1,skillxueqiu,2,300,400,6,0,1,3,6.5
330405,name330403,icon_330403,500,3,"UI_Anime01,UI_Anime02",0,"Skilldetail59106001,Skilldetail59106002,Skilldetail59106003",3,40000,50,21,5,"1002,0.05;1002,0.1;1002,0.2;1002,0.5;1002,0.5","591060,0",1,310403,1,skillxueqiu,2,300,400,6,0,1,3,6.5
330500,name330501,icon_330500,5,3,,330501,,0,0,0,19,0,"1002,0.05;1002,0.1;1002,0.2;1002,0.5;1002,0.5","0,0",2,black,1,0,0,300,400,6,petSheetGetDetail01,3,3,6.5
330501,name330501,icon_330501,5,3,"UI_Anime01,UI_Anime02",330502,,1,300,10,19,1,"1002,0.05;1002,0.1;1002,0.2;1002,0.5;1002,0.5","0,0",2,310501,0.6,skillxueqiu,2,300,400,6,0,0.7,3,6.5
330502,name330501,icon_330501,10,3,"UI_Anime01,UI_Anime02",330503,,1,3000,30,19,2,"1002,0.05;1002,0.1;1002,0.2;1002,0.5;1002,0.5","0,0",2,310501,0.8,skillxueqiu,2,300,400,6,0,0.9,3,6.5
330503,name330502,icon_330502,50,3,"UI_Anime01,UI_Anime02",330504,,1,30000,50,19,3,"1002,0.05;1002,0.1;1002,0.2;1002,0.5;1002,0.5","0,0",2,310502,1,skillxueqiu,2,300,400,6,0,1,3,6.5
330504,name330502,icon_330502,100,3,"UI_Anime01,UI_Anime02",330505,,1,30000,50,19,4,"1002,0.05;1002,0.1;1002,0.2;1002,0.5;1002,0.5","0,0",2,310502,1,skillxueqiu,2,300,400,6,0,1,3,6.5
330505,name330503,icon_330503,500,3,"UI_Anime01,UI_Anime02",0,,1,30000,50,19,5,"1002,0.05;1002,0.1;1002,0.2;1002,0.5;1002,0.5","0,0",2,310503,1,skillxueqiu,2,300,400,6,0,1,3,6.5
348010,name348011,lock310100,0,4,,348011,Skilldetail59106001,0,0,0,18,0,"1002,0.05;1002,0.1;1002,0.2;1002,0.5;1002,0.5","591060,0",1,black,1,0,0,300,400,3,petSheetGetDetail01,3,1,6.5
348011,name348011,icon_348011,10,4,"UI_Anime02,UI_Anime03",348012,Skilldetail59106001,1,100,10,18,1,"1002,0.05;1002,0.1;1002,0.2;1002,0.5;1002,0.5","591060,0",1,310101,0.6,skillxueqiu,2,300,400,3,0,0.7,1,6.5
348012,name348011,icon_348011,50,4,"UI_Anime02,UI_Anime03",348013,Skilldetail59106001,1,1000,30,18,2,"1002,0.05;1002,0.1;1002,0.2;1002,0.5;1002,0.5","591060,0",1,310101,0.8,skillxueqiu,2,300,400,3,0,0.9,1,6.5
348013,name348011,icon_348011,100,4,"UI_Anime02,UI_Anime03",348014,Skilldetail59106001,1,1000,30,18,3,"1002,0.05;1002,0.1;1002,0.2;1002,0.5;1002,0.5","591060,0",1,310101,0.8,skillxueqiu,2,300,400,3,0,0.9,1,6.5
348014,name348011,icon_348011,500,4,"UI_Anime02,UI_Anime03",348015,Skilldetail59106001,1,1000,30,18,4,"1002,0.05;1002,0.1;1002,0.2;1002,0.5;1002,0.5","591060,0",1,310101,0.8,skillxueqiu,2,300,400,3,0,0.9,1,6.5
348015,name348011,icon_348011,1000,4,"UI_Anime02,UI_Anime03",0,Skilldetail59106001,1,1000,30,18,5,"1002,0.05;1002,0.1;1002,0.2;1002,0.5;1002,0.5","591060,0",1,310101,0.8,skillxueqiu,2,300,400,3,0,0.9,1,6.5
348020,name348021,lock310100,0,4,,348021,Skilldetail59106001,0,0,0,18,0,"1002,0.05;1002,0.1;1002,0.2;1002,0.5;1002,0.5","591060,0",1,black,1,0,0,300,400,3,petSheetGetDetail01,3,1,6.5
348021,name348021,icon_348021,10,4,"UI_Anime02,UI_Anime03",348022,Skilldetail59106001,1,100,10,18,1,"1002,0.05;1002,0.1;1002,0.2;1002,0.5;1002,0.5","591060,0",1,310101,0.6,skillxueqiu,2,300,400,3,0,0.7,1,6.5
348022,name348021,icon_348021,50,4,"UI_Anime02,UI_Anime03",348023,Skilldetail59106001,1,1000,30,18,2,"1002,0.05;1002,0.1;1002,0.2;1002,0.5;1002,0.5","591060,0",1,310101,0.8,skillxueqiu,2,300,400,3,0,0.9,1,6.5
348023,name348021,icon_348021,100,4,"UI_Anime02,UI_Anime03",348024,Skilldetail59106001,1,1000,30,18,3,"1002,0.05;1002,0.1;1002,0.2;1002,0.5;1002,0.5","591060,0",1,310101,0.8,skillxueqiu,2,300,400,3,0,0.9,1,6.5
348024,name348021,icon_348021,500,4,"UI_Anime02,UI_Anime03",348025,Skilldetail59106001,1,1000,30,18,4,"1002,0.05;1002,0.1;1002,0.2;1002,0.5;1002,0.5","591060,0",1,310101,0.8,skillxueqiu,2,300,400,3,0,0.9,1,6.5
348025,name348021,icon_348021,1000,4,"UI_Anime02,UI_Anime03",0,Skilldetail59106001,1,1000,30,18,5,"1002,0.05;1002,0.1;1002,0.2;1002,0.5;1002,0.5","591060,0",1,310101,0.8,skillxueqiu,2,300,400,3,0,0.9,1,6.5
349010,name349011,lock310100,0,4,,349011,"Skilldetail59106001,Skilldetail59106002",0,0,0,18,0,"1002,0.05;1002,0.1;1002,0.2;1002,0.5;1002,0.5","591060,0",1,black,1,0,0,300,400,3,petSheetGetDetail01,3,2,6.5
349011,name349011,icon_349011,5,4,"UI_Anime02,UI_Anime03",349012,"Skilldetail59106001,Skilldetail59106002",1,100,10,18,1,"1002,0.05;1002,0.1;1002,0.2;1002,0.5;1002,0.5","591060,0",1,310101,0.6,skillxueqiu,2,300,400,3,0,0.7,2,6.5
349012,name349011,icon_349011,10,4,"UI_Anime02,UI_Anime03",349013,"Skilldetail59106001,Skilldetail59106002",1,1000,30,18,2,"1002,0.05;1002,0.1;1002,0.2;1002,0.5;1002,0.5","591060,0",1,310101,0.8,skillxueqiu,2,300,400,3,0,0.9,2,6.5
349013,name349012,icon_349012,50,4,"UI_Anime02,UI_Anime03",349014,"Skilldetail59106001,Skilldetail59106002",1,1000,30,18,3,"1002,0.05;1002,0.1;1002,0.2;1002,0.5;1002,0.5","591060,0",1,310101,0.8,skillxueqiu,2,300,400,3,0,0.9,2,6.5
349014,name349012,icon_349012,100,4,"UI_Anime02,UI_Anime03",349015,"Skilldetail59106001,Skilldetail59106002",1,1000,30,18,4,"1002,0.05;1002,0.1;1002,0.2;1002,0.5;1002,0.5","591060,0",1,310101,0.8,skillxueqiu,2,300,400,3,0,0.9,2,6.5
349015,name349012,icon_349012,500,4,"UI_Anime02,UI_Anime03",0,"Skilldetail59106001,Skilldetail59106002",1,1000,30,18,5,"1002,0.05;1002,0.1;1002,0.2;1002,0.5;1002,0.5","591060,0",1,310101,0.8,skillxueqiu,2,300,400,3,0,0.9,2,6.5
349020,name349021,icon_349020,0,4,,349021,"Skilldetail59106001,Skilldetail59106002",0,0,0,18,0,"1002,0.05;1002,0.1;1002,0.2;1002,0.5;1002,0.5","591060,0",1,black,1,0,0,300,400,3,petSheetGetDetail01,3,2,6.5
349021,name349021,icon_349021,5,4,"UI_Anime02,UI_Anime03",349022,"Skilldetail59106001,Skilldetail59106002",1,100,10,18,1,"1002,0.05;1002,0.1;1002,0.2;1002,0.5;1002,0.5","591060,0",1,310101,0.6,skillxueqiu,2,300,400,3,0,0.7,2,6.5
349022,name349021,icon_349021,10,4,"UI_Anime02,UI_Anime03",349023,"Skilldetail59106001,Skilldetail59106002",1,1000,30,18,2,"1002,0.05;1002,0.1;1002,0.2;1002,0.5;1002,0.5","591060,0",1,310101,0.8,skillxueqiu,2,300,400,3,0,0.9,2,6.5
349023,name349022,icon_349022,50,4,"UI_Anime02,UI_Anime03",349024,"Skilldetail59106001,Skilldetail59106002",1,1000,30,18,3,"1002,0.05;1002,0.1;1002,0.2;1002,0.5;1002,0.5","591060,0",1,310101,0.8,skillxueqiu,2,300,400,3,0,0.9,2,6.5
349024,name349022,icon_349022,100,4,"UI_Anime02,UI_Anime03",349025,"Skilldetail59106001,Skilldetail59106002",1,1000,30,18,4,"1002,0.05;1002,0.1;1002,0.2;1002,0.5;1002,0.5","591060,0",1,310101,0.8,skillxueqiu,2,300,400,3,0,0.9,2,6.5
349025,name349022,icon_349022,500,4,"UI_Anime02,UI_Anime03",0,"Skilldetail59106001,Skilldetail59106002",1,1000,30,18,5,"1002,0.05;1002,0.1;1002,0.2;1002,0.5;1002,0.5","591060,0",1,310101,0.8,skillxueqiu,2,300,400,3,0,0.9,2,6.5
349030,name349031,icon_349030,0,4,,349031,"Skilldetail59106001,Skilldetail59106002",0,0,0,18,0,"1002,0.05;1002,0.1;1002,0.2;1002,0.5;1002,0.5","591060,0",1,black,1,0,0,300,400,3,petSheetGetDetail01,3,2,6.5
349031,name349031,icon_349031,5,4,"UI_Anime02,UI_Anime03",349032,"Skilldetail59106001,Skilldetail59106002",1,100,10,18,1,"1002,0.05;1002,0.1;1002,0.2;1002,0.5;1002,0.5","591060,0",1,310101,0.6,skillxueqiu,2,300,400,3,0,0.7,2,6.5
349032,name349031,icon_349031,10,4,"UI_Anime02,UI_Anime03",349033,"Skilldetail59106001,Skilldetail59106002",1,1000,30,18,2,"1002,0.05;1002,0.1;1002,0.2;1002,0.5;1002,0.5","591060,0",1,310101,0.8,skillxueqiu,2,300,400,3,0,0.9,2,6.5
349033,name349032,icon_349032,50,4,"UI_Anime02,UI_Anime03",349034,"Skilldetail59106001,Skilldetail59106002",1,1000,30,18,3,"1002,0.05;1002,0.1;1002,0.2;1002,0.5;1002,0.5","591060,0",1,310101,0.8,skillxueqiu,2,300,400,3,0,0.9,2,6.5
349034,name349032,icon_349032,100,4,"UI_Anime02,UI_Anime03",349035,"Skilldetail59106001,Skilldetail59106002",1,1000,30,18,4,"1002,0.05;1002,0.1;1002,0.2;1002,0.5;1002,0.5","591060,0",1,310101,0.8,skillxueqiu,2,300,400,3,0,0.9,2,6.5
349035,name349032,icon_349032,500,4,"UI_Anime02,UI_Anime03",0,"Skilldetail59106001,Skilldetail59106002",1,1000,30,18,5,"1002,0.05;1002,0.1;1002,0.2;1002,0.5;1002,0.5","591060,0",1,310101,0.8,skillxueqiu,2,300,400,3,0,0.9,2,6.5
349040,name349041,icon_349040,0,4,,349041,"Skilldetail59106001,Skilldetail59106002",0,0,0,18,0,"1002,0.05;1002,0.1;1002,0.2;1002,0.5;1002,0.5","591060,0",1,black,1,0,0,300,400,3,petSheetGetDetail01,3,2,6.5
349041,name349041,icon_349041,5,4,"UI_Anime02,UI_Anime03",349042,"Skilldetail59106001,Skilldetail59106002",1,100,10,18,1,"1002,0.05;1002,0.1;1002,0.2;1002,0.5;1002,0.5","591060,0",1,310101,0.6,skillxueqiu,2,300,400,3,0,0.7,2,6.5
349042,name349041,icon_349041,10,4,"UI_Anime02,UI_Anime03",349043,"Skilldetail59106001,Skilldetail59106002",1,1000,30,18,2,"1002,0.05;1002,0.1;1002,0.2;1002,0.5;1002,0.5","591060,0",1,310101,0.8,skillxueqiu,2,300,400,3,0,0.9,2,6.5
349043,name349042,icon_349042,50,4,"UI_Anime02,UI_Anime03",349044,"Skilldetail59106001,Skilldetail59106002",1,1000,30,18,3,"1002,0.05;1002,0.1;1002,0.2;1002,0.5;1002,0.5","591060,0",1,310101,0.8,skillxueqiu,2,300,400,3,0,0.9,2,6.5
349044,name349042,icon_349042,100,4,"UI_Anime02,UI_Anime03",349045,"Skilldetail59106001,Skilldetail59106002",1,1000,30,18,4,"1002,0.05;1002,0.1;1002,0.2;1002,0.5;1002,0.5","591060,0",1,310101,0.8,skillxueqiu,2,300,400,3,0,0.9,2,6.5
349045,name349042,icon_349042,500,4,"UI_Anime02,UI_Anime03",0,"Skilldetail59106001,Skilldetail59106002",1,1000,30,18,5,"1002,0.05;1002,0.1;1002,0.2;1002,0.5;1002,0.5","591060,0",1,310101,0.8,skillxueqiu,2,300,400,3,0,0.9,2,6.5
340100,name340101,icon_340100,0,4,,340101,"Skilldetail59106001,Skilldetail59106002,Skilldetail59106003",0,0,0,18,0,"1002,0.05;1002,0.1;1002,0.2;1002,0.5;1002,0.5","591060,0",1,black,1,0,0,300,400,3,petSheetGetDetail01,3,3,6.5
340101,name340101,icon_340101,2,4,"UI_Anime02,UI_Anime03",340102,"Skilldetail59106001,Skilldetail59106002,Skilldetail59106003",1,100,10,18,1,"1002,0.05;1002,0.1;1002,0.2;1002,0.5;1002,0.5","591060,0",1,310101,0.6,skillxueqiu,2,300,400,3,0,0.7,3,6.5
340102,name340101,icon_340101,10,4,"UI_Anime02,UI_Anime03",340103,"Skilldetail59106001,Skilldetail59106002,Skilldetail59106003",1,1000,30,18,2,"1002,0.05;1002,0.1;1002,0.2;1002,0.5;1002,0.5","591060,0",1,310101,0.8,skillxueqiu,2,300,400,3,0,0.9,3,6.5
340103,name340102,icon_340102,50,4,"UI_Anime02,UI_Anime03",340104,"Skilldetail59106001,Skilldetail59106002,Skilldetail59106003",1,10000,50,18,3,"1002,0.05;1002,0.1;1002,0.2;1002,0.5;1002,0.5","591060,0",1,310102,1,skillxueqiu,2,300,400,3,0,1,3,6.5
340104,name340102,icon_340102,100,4,"UI_Anime02,UI_Anime03",340105,"Skilldetail59106001,Skilldetail59106002,Skilldetail59106003",1,10000,50,18,4,"1002,0.05;1002,0.1;1002,0.2;1002,0.5;1002,0.5","591060,0",1,310102,1,skillxueqiu,2,300,400,3,0,1,3,6.5
340105,name340103,icon_340103,500,4,"UI_Anime02,UI_Anime03",0,"Skilldetail59106001,Skilldetail59106002,Skilldetail59106003",1,10000,50,18,5,"1002,0.05;1002,0.1;1002,0.2;1002,0.5;1002,0.5","591060,0",1,310103,1,skillxueqiu,2,300,400,3,0,1,3,6.5
340200,name340201,icon_340200,0,4,,340201,"Skilldetail59106001,Skilldetail59106002,Skilldetail59106003;Skilldetail59107001,Skilldetail59107002,Skilldetail59107003",0,0,0,20,0,"1002,0.05;1002,0.1;1002,0.2;1002,0.5;1002,0.5","591,060,591,070",1,black,1,0,0,300,400,10,petSheetGetDetail05,3,3,6.5
340201,name340201,icon_340201,5,4,"UI_Anime04,UI_Anime03",340202,"Skilldetail59106001,Skilldetail59106002,Skilldetail59106003;Skilldetail59107001,Skilldetail59107002,Skilldetail59107003",3,200,10,20,1,"1002,0.05;1002,0.1;1002,0.2;1002,0.5;1002,0.5","591,060,591,070",1,310201,0.6,skillxueqiu,2,300,400,10,0,0.7,3,6.5
340202,name340201,icon_340201,10,4,"UI_Anime04,UI_Anime03",340203,"Skilldetail59106001,Skilldetail59106002,Skilldetail59106003;Skilldetail59107001,Skilldetail59107002,Skilldetail59107003",3,200,10,20,2,"1002,0.05;1002,0.1;1002,0.2;1002,0.5;1002,0.5","591,060,591,070",1,310201,0.6,skillxueqiu,2,300,400,10,0,0.7,3,6.5
340203,name340202,icon_340202,50,4,"UI_Anime04,UI_Anime03",340204,"Skilldetail59106001,Skilldetail59106002,Skilldetail59106003;Skilldetail59107001,Skilldetail59107002,Skilldetail59107003",3,2000,30,20,3,"1002,0.05;1002,0.1;1002,0.2;1002,0.5;1002,0.5","591,060,591,070",1,310202,0.8,skillxueqiu,2,300,400,10,0,0.9,3,6.5
340204,name340202,icon_340202,100,4,"UI_Anime04,UI_Anime03",340205,"Skilldetail59106001,Skilldetail59106002,Skilldetail59106003;Skilldetail59107001,Skilldetail59107002,Skilldetail59107003",3,20000,50,20,4,"1002,0.05;1002,0.1;1002,0.2;1002,0.5;1002,0.5","591,060,591,070",1,310202,1,skillxueqiu,2,300,400,10,0,1,3,6.5
340205,name340203,icon_340203,500,4,"UI_Anime04,UI_Anime03",0,"Skilldetail59106001,Skilldetail59106002,Skilldetail59106003;Skilldetail59107001,Skilldetail59107002,Skilldetail59107003",3,20000,50,20,5,"1002,0.05;1002,0.1;1002,0.2;1002,0.5;1002,0.5","591,060,591,070",1,310203,1,skillxueqiu,2,300,400,10,0,1,3,6.5
340300,name340301,icon_340300,0,4,,340301,"Skilldetail59106001,Skilldetail59106002,Skilldetail59106003",0,0,0,19,0,"1002,0.05;1002,0.1;1002,0.2;1002,0.5;1002,0.5","591060,0",1,black,1,0,0,300,400,1,petSheetGetDetail06,3,3,6.5
340301,name340301,icon_340301,2,4,"UI_Anime05,UI_Anime06,UI_Anime02",340302,"Skilldetail59106001,Skilldetail59106002,Skilldetail59106003",1,300,10,19,1,"1002,0.05;1002,0.1;1002,0.2;1002,0.5;1002,0.5","591060,0",1,310301,0.6,skillxueqiu,2,300,400,1,0,0.7,3,6.5
340302,name340301,icon_340301,10,4,"UI_Anime05,UI_Anime06,UI_Anime02",340303,"Skilldetail59106001,Skilldetail59106002,Skilldetail59106003",1,3000,30,19,2,"1002,0.05;1002,0.1;1002,0.2;1002,0.5;1002,0.5","591060,0",1,310301,0.8,skillxueqiu,2,300,400,1,0,0.9,3,6.5
340303,name340302,icon_340302,50,4,"UI_Anime05,UI_Anime06,UI_Anime02",340304,"Skilldetail59106001,Skilldetail59106002,Skilldetail59106003",1,30000,50,19,3,"1002,0.05;1002,0.1;1002,0.2;1002,0.5;1002,0.5","591060,0",1,310302,1,skillxueqiu,2,300,400,1,0,1,3,6.5
340304,name340302,icon_340302,100,4,"UI_Anime05,UI_Anime06,UI_Anime02",340305,"Skilldetail59106001,Skilldetail59106002,Skilldetail59106003",1,30000,50,19,4,"1002,0.05;1002,0.1;1002,0.2;1002,0.5;1002,0.5","591060,0",1,310302,1,skillxueqiu,2,300,400,1,0,1,3,6.5
340305,name340303,icon_340303,500,4,"UI_Anime05,UI_Anime06,UI_Anime02",0,"Skilldetail59106001,Skilldetail59106002,Skilldetail59106003",1,30000,50,19,5,"1002,0.05;1002,0.1;1002,0.2;1002,0.5;1002,0.5","591060,0",1,310303,1,skillxueqiu,2,300,400,1,0,1,3,6.5
340400,name340401,icon_340400,0,4,,340401,"Skilldetail59106001,Skilldetail59106002,Skilldetail59106003",0,0,0,21,0,"1002,0.05;1002,0.1;1002,0.2;1002,0.5;1002,0.5","591060,0",1,black,1,0,0,300,400,6,petSheetGetDetail01,3,3,6.5
340401,name340401,icon_340401,2,4,"UI_Anime01,UI_Anime02",340402,"Skilldetail59106001,Skilldetail59106002,Skilldetail59106003",3,400,10,21,1,"1002,0.05;1002,0.1;1002,0.2;1002,0.5;1002,0.5","591060,0",1,310401,0.6,skillxueqiu,2,300,400,6,0,0.7,3,6.5
340402,name340401,icon_340401,10,4,"UI_Anime01,UI_Anime02",340403,"Skilldetail59106001,Skilldetail59106002,Skilldetail59106003",3,4000,30,21,2,"1002,0.05;1002,0.1;1002,0.2;1002,0.5;1002,0.5","591060,0",1,310401,0.8,skillxueqiu,2,300,400,6,0,0.9,3,6.5
340403,name340402,icon_340402,50,4,"UI_Anime01,UI_Anime02",340404,"Skilldetail59106001,Skilldetail59106002,Skilldetail59106003",3,40000,50,21,3,"1002,0.05;1002,0.1;1002,0.2;1002,0.5;1002,0.5","591060,0",1,310402,1,skillxueqiu,2,300,400,6,0,1,3,6.5
340404,name340402,icon_340402,100,4,"UI_Anime01,UI_Anime02",340405,"Skilldetail59106001,Skilldetail59106002,Skilldetail59106003",3,40000,50,21,4,"1002,0.05;1002,0.1;1002,0.2;1002,0.5;1002,0.5","591060,0",1,310402,1,skillxueqiu,2,300,400,6,0,1,3,6.5
340405,name340403,icon_340403,500,4,"UI_Anime01,UI_Anime02",0,"Skilldetail59106001,Skilldetail59106002,Skilldetail59106003",3,40000,50,21,5,"1002,0.05;1002,0.1;1002,0.2;1002,0.5;1002,0.5","591060,0",1,310403,1,skillxueqiu,2,300,400,6,0,1,3,6.5
340500,name340501,icon_340500,5,4,,340501,,0,0,0,19,0,"1002,0.05;1002,0.1;1002,0.2;1002,0.5;1002,0.5","0,0",2,black,1,0,0,300,400,6,petSheetGetDetail01,3,3,6.5
340501,name340501,icon_340501,5,4,"UI_Anime01,UI_Anime02",340502,,1,300,10,19,1,"1002,0.05;1002,0.1;1002,0.2;1002,0.5;1002,0.5","0,0",2,310501,0.6,skillxueqiu,2,300,400,6,0,0.7,3,6.5
340502,name340501,icon_340501,10,4,"UI_Anime01,UI_Anime02",340503,,1,3000,30,19,2,"1002,0.05;1002,0.1;1002,0.2;1002,0.5;1002,0.5","0,0",2,310501,0.8,skillxueqiu,2,300,400,6,0,0.9,3,6.5
340503,name340502,icon_340502,50,4,"UI_Anime01,UI_Anime02",340504,,1,30000,50,19,3,"1002,0.05;1002,0.1;1002,0.2;1002,0.5;1002,0.5","0,0",2,310502,1,skillxueqiu,2,300,400,6,0,1,3,6.5
340504,name340502,icon_340502,100,4,"UI_Anime01,UI_Anime02",340505,,1,30000,50,19,4,"1002,0.05;1002,0.1;1002,0.2;1002,0.5;1002,0.5","0,0",2,310502,1,skillxueqiu,2,300,400,6,0,1,3,6.5
340505,name340503,icon_340503,500,4,"UI_Anime01,UI_Anime02",0,,1,30000,50,19,5,"1002,0.05;1002,0.1;1002,0.2;1002,0.5;1002,0.5","0,0",2,310503,1,skillxueqiu,2,300,400,6,0,1,3,6.5
350100,name350101,icon_350100,5,5,,350101,,0,0,0,19,0,"1002,0.05;1002,0.1;1002,0.2;1002,0.5;1002,0.5","0,0",3,black,1,0,0,300,400,6,petSheetGetDetail01,3,1,6.5
350101,name350101,icon_350101,5,5,"UI_Anime01,UI_Anime02",0,,1,300,10,19,5,"1002,0.05;1002,0.1;1002,0.2;1002,0.5;1002,0.5","0,0",3,310501,0.6,skillxueqiu,2,300,400,6,0,0.7,1,6.5
350200,name350201,icon_350200,5,5,,350201,,0,0,0,19,0,"1002,0.05;1002,0.1;1002,0.2;1002,0.5;1002,0.5","0,0",3,black,1,0,0,300,400,6,petSheetGetDetail01,3,2,6.5
350201,name350201,icon_350201,5,5,"UI_Anime01,UI_Anime02",0,,1,300,10,19,5,"1002,0.05;1002,0.1;1002,0.2;1002,0.5;1002,0.5","0,0",3,310501,0.6,skillxueqiu,2,300,400,6,0,0.7,2,6.5
350300,name350301,icon_350300,5,5,,350301,,0,0,0,19,0,"1002,0.05;1002,0.1;1002,0.2;1002,0.5;1002,0.5","0,0",3,black,1,0,0,300,400,6,petSheetGetDetail01,3,3,6.5
350301,name350301,icon_350301,5,5,"UI_Anime01,UI_Anime02",0,,1,300,10,19,5,"1002,0.05;1002,0.1;1002,0.2;1002,0.5;1002,0.5","0,0",3,310501,0.6,skillxueqiu,2,300,400,6,0,0.7,3,6.5
350400,name350401,icon_350400,5,5,,350401,,0,0,0,19,0,"1002,0.05;1002,0.1;1002,0.2;1002,0.5;1002,0.5","0,0",3,black,1,0,0,300,400,6,petSheetGetDetail01,3,1,6.5
350401,name350401,icon_350401,5,5,"UI_Anime01,UI_Anime02",0,,1,300,10,19,5,"1002,0.05;1002,0.1;1002,0.2;1002,0.5;1002,0.5","0,0",3,310501,0.6,skillxueqiu,2,300,400,6,0,0.7,1,6.5
350500,name350501,icon_350500,5,5,,350501,,0,0,0,19,0,"1002,0.05;1002,0.1;1002,0.2;1002,0.5;1002,0.5","0,0",3,black,1,0,0,300,400,6,petSheetGetDetail01,3,2,6.5
350501,name350501,icon_350501,5,5,"UI_Anime01,UI_Anime02",0,,1,300,10,19,5,"1002,0.05;1002,0.1;1002,0.2;1002,0.5;1002,0.5","0,0",3,310501,0.6,skillxueqiu,2,300,400,6,0,0.7,2,6.5
350600,name350601,icon_350600,5,5,,350601,,0,0,0,19,0,"1002,0.05;1002,0.1;1002,0.2;1002,0.5;1002,0.5","0,0",3,black,1,0,0,300,400,6,petSheetGetDetail01,3,3,6.5
350601,name350601,icon_350601,5,5,"UI_Anime01,UI_Anime02",0,,1,300,10,19,5,"1002,0.05;1002,0.1;1002,0.2;1002,0.5;1002,0.5","0,0",3,310501,0.6,skillxueqiu,2,300,400,6,0,0.7,3,6.5
